standort_id,gattung,art,name,zeit
2,NA,NA,Blank,2021-10-09T09:07:43Z
2,NA,NA,Blank,2021-10-11T14:47:48Z
1,NA,NA,Blank,2021-10-03T06:38:02Z
5,Homo,sapiens,Human,2021-08-27T10:15:45Z
5,Homo,sapiens,Human,2021-10-15T17:39:50Z
5,Homo,sapiens,Human,2021-10-17T16:20:32Z
5,Homo,sapiens,Human,2021-10-24T15:56:51Z
5,Homo,sapiens,Human,2021-09-05T19:38:13Z
7,Homo,sapiens,Human,2021-09-02T16:05:30Z
7,Homo,sapiens,Human,2021-10-08T15:34:39Z
7,Homo,sapiens,Human,2021-10-20T17:20:20Z
7,Homo,sapiens,Human,2021-10-20T17:22:27Z
7,Homo,sapiens,Human,2021-10-29T11:22:22Z
7,Homo,sapiens,Human,2021-10-28T13:18:59Z
8,Homo,sapiens,Human,2021-08-31T12:04:16Z
8,Capreolus,capreolus,European Roe Deer,2021-10-26T18:41:11Z
8,Capreolus,capreolus,European Roe Deer,2021-10-01T02:02:17Z
7,NA,NA,Blank,2021-10-11T11:54:39Z
7,NA,NA,Blank,2021-09-01T13:46:14Z
6,Sciurus,vulgaris,Eurasian Red Squirrel,2021-10-01T08:32:06Z
14,Homo,sapiens,Human,2021-08-31T11:17:21Z
1,Sus,scrofa,Wild Boar,2021-10-16T07:27:28Z
13,NA,NA,Blank,2021-09-23T13:11:14Z
13,NA,NA,Blank,2021-09-21T09:33:43Z
13,NA,NA,Blank,2021-09-20T21:47:00Z
13,Vulpes,vulpes,Red Fox,2021-09-04T02:58:51Z
13,NA,NA,Blank,2021-09-09T14:29:24Z
13,Vulpes,vulpes,Red Fox,2021-09-09T12:06:07Z
5,Capreolus,capreolus,European Roe Deer,2021-09-07T20:40:06Z
5,NA,NA,Bird,2021-09-21T10:35:11Z
5,NA,NA,Blank,2021-09-29T15:35:45Z
6,NA,NA,Blank,2021-09-01T12:52:54Z
5,NA,NA,Blank,2021-09-03T22:57:17Z
6,Procyon,lotor,Northern Raccoon,2021-09-01T23:53:59Z
6,Procyon,lotor,Northern Raccoon,2021-09-06T05:44:50Z
6,Sciurus,vulgaris,Eurasian Red Squirrel,2021-09-15T09:49:00Z
7,Sus,scrofa,Wild Boar,2021-09-16T06:24:58Z
6,NA,NA,Bird,2021-10-16T13:44:34Z
13,NA,NA,Blank,2021-10-21T20:23:05Z
13,Meles,meles,Eurasian Badger,2021-10-23T05:49:04Z
13,NA,NA,Bird,2021-10-25T11:36:43Z
6,Capreolus,capreolus,European Roe Deer,2021-10-24T00:54:14Z
6,Sciurus,vulgaris,Eurasian Red Squirrel,2021-10-11T15:11:38Z
6,Sus,scrofa,Wild Boar,2021-10-13T05:51:34Z
6,NA,NA,Blank,2021-10-13T10:29:30Z
8,Capreolus,capreolus,European Roe Deer,2021-10-25T06:49:19Z
8,Capreolus,capreolus,European Roe Deer,2021-10-01T02:09:21Z
8,NA,NA,Blank,2021-10-02T21:25:58Z
8,NA,NA,Blank,2021-10-03T20:54:47Z
13,NA,NA,Blank,2021-10-13T00:57:28Z
12,Sus,scrofa,Wild Boar,2021-09-29T23:29:26Z
12,NA,NA,Blank,2021-09-23T07:24:26Z
12,Sus,scrofa,Wild Boar,2021-09-21T22:40:11Z
12,NA,NA,Blank,2021-09-25T14:01:44Z
12,NA,NA,Bird,2021-09-24T12:25:11Z
6,NA,NA,Blank,2021-09-20T05:25:43Z
12,NA,NA,Blank,2021-08-31T11:30:42Z
12,NA,NA,Blank,2021-09-15T05:37:05Z
12,NA,NA,Blank,2021-09-16T07:27:11Z
6,NA,NA,Blank,2021-09-30T13:10:53Z
13,NA,NA,Blank,2021-10-04T14:13:50Z
13,Sciurus,vulgaris,Eurasian Red Squirrel,2021-09-28T09:46:54Z
13,Sciurus,vulgaris,Eurasian Red Squirrel,2021-10-07T11:59:58Z
6,Vulpes,vulpes,Red Fox,2021-09-26T20:11:57Z
6,Meles,meles,Eurasian Badger,2021-10-05T00:20:30Z
13,Sus,scrofa,Wild Boar,2021-10-07T06:35:19Z
13,NA,NA,Blank,2021-10-13T10:02:22Z
12,NA,NA,Blank,2021-10-13T14:23:23Z
13,NA,NA,Blank,2021-10-13T12:46:05Z
11,NA,NA,Blank,2021-10-25T08:46:05Z
11,NA,NA,Blank,2021-08-30T10:54:24Z
11,Homo,sapiens,Human,2021-10-24T14:37:29Z
12,NA,NA,Blank,2021-09-30T07:08:34Z
12,Sus,scrofa,Wild Boar,2021-09-16T07:25:28Z
7,Canis,familiaris,Domestic Dog,2021-09-24T18:50:54Z
7,Homo,sapiens,Human,2021-09-24T18:50:54Z
7,Vulpes,vulpes,Red Fox,2021-09-29T22:21:47Z
9,Homo,sapiens,Human,2021-09-19T10:02:24Z
9,NA,NA,Blank,2021-10-03T14:48:09Z
11,Meles,meles,Eurasian Badger,2021-10-11T00:47:38Z
11,NA,NA,Blank,2021-10-14T12:30:42Z
6,Sus,scrofa,Wild Boar,2021-10-13T07:11:51Z
9,NA,NA,Blank,2021-10-26T13:54:39Z
9,NA,NA,Blank,2021-10-26T13:57:00Z
11,Canis,familiaris,Domestic Dog,2021-10-01T10:53:49Z
3,Homo,sapiens,Human,2021-10-29T10:16:09Z
4,NA,NA,Bird,2021-09-03T17:59:34Z
4,NA,NA,Bird,2021-09-07T11:19:20Z
4,NA,NA,Blank,2021-09-12T15:01:06Z
4,NA,NA,Blank,2021-09-16T01:52:29Z
4,Procyon,lotor,Northern Raccoon,2021-09-22T04:39:09Z
4,NA,NA,Blank,2021-10-06T14:21:07Z
11,No CV Result,No CV Result,No CV Result,2021-09-22T11:45:54Z
11,NA,NA,Blank,2021-09-29T22:48:42Z
12,Sciurus,vulgaris,Eurasian Red Squirrel,2021-09-05T17:20:36Z
9,NA,NA,Blank,2021-09-03T10:44:50Z
3,Capreolus,capreolus,European Roe Deer,2021-10-05T01:01:08Z
4,NA,NA,Bird,2021-10-12T17:11:37Z
4,NA,NA,Bird,2021-10-12T15:08:36Z
9,Vulpes,vulpes,Red Fox,2021-10-14T07:02:20Z
12,Meles,meles,Eurasian Badger,2021-09-22T02:59:02Z
3,Capreolus,capreolus,European Roe Deer,2021-10-07T07:22:49Z
4,NA,NA,Bird,2021-10-07T13:09:19Z
4,NA,NA,Bird,2021-10-07T16:34:01Z
9,Sciurus,vulgaris,Eurasian Red Squirrel,2021-10-12T12:01:19Z
4,NA,NA,Bird,2021-10-10T17:07:38Z
9,NA,NA,Blank,2021-10-17T12:23:13Z
9,NA,NA,Blank,2021-09-24T01:04:34Z
8,Capreolus,capreolus,European Roe Deer,2021-10-27T05:39:22Z
9,Meles,meles,Eurasian Badger,2021-09-21T00:29:33Z
9,Meles,meles,Eurasian Badger,2021-09-21T21:00:29Z
10,Vulpes,vulpes,Red Fox,2021-10-17T09:47:46Z
10,NA,NA,Bird,2021-10-28T12:24:33Z
10,Homo,sapiens,Human,2021-08-31T12:45:26Z
10,NA,NA,Bird,2021-09-07T09:05:47Z
10,NA,NA,Bird,2021-09-27T18:47:10Z
10,NA,NA,Bird,2021-09-21T09:38:10Z
10,Meles,meles,Eurasian Badger,2021-10-24T06:37:16Z
10,NA,NA,Bird,2021-09-29T10:41:21Z
10,NA,NA,Blank,2021-10-09T14:04:49Z
10,Vulpes,vulpes,Red Fox,2021-09-10T01:06:16Z
10,Sus,scrofa,Wild Boar,2021-10-03T07:36:54Z
10,NA,NA,Bird,2021-10-01T08:59:48Z
10,Meles,meles,Eurasian Badger,2021-10-18T21:04:27Z
10,NA,NA,Blank,2021-09-28T12:14:16Z
10,Capreolus,capreolus,European Roe Deer,2021-09-13T19:36:35Z
9,Vulpes,vulpes,Red Fox,2021-09-29T00:51:16Z
10,Procyon,lotor,Northern Raccoon,2021-09-24T23:49:51Z
8,NA,NA,Blank,2021-09-23T23:16:24Z
12,Meles,meles,Eurasian Badger,2021-09-01T21:53:41Z
13,Procyon,lotor,Northern Raccoon,2021-09-12T05:53:16Z
9,NA,NA,Blank,2021-08-31T05:01:41Z
6,Sus,scrofa,Wild Boar,2021-10-17T05:18:55Z
9,Meles,meles,Eurasian Badger,2021-09-27T20:01:16Z
9,Meles,meles,Eurasian Badger,2021-09-27T20:26:12Z
4,Meles,meles,Eurasian Badger,2021-10-28T04:58:37Z
1,Sus,scrofa,Wild Boar,2021-10-09T07:16:12Z
2,Homo,sapiens,Human,2021-10-29T10:23:48Z
5,Homo,sapiens,Human,2021-09-19T09:24:30Z
7,Homo,sapiens,Human,2021-09-04T13:20:47Z
7,Homo,sapiens,Human,2021-09-07T17:00:51Z
7,Homo,sapiens,Human,2021-09-09T17:20:19Z
7,Homo,sapiens,Human,2021-10-24T10:52:14Z
8,NA,NA,Blank,2021-10-04T13:46:23Z
8,NA,NA,Blank,2021-10-26T06:07:29Z
7,NA,NA,Blank,2021-10-11T11:27:56Z
7,NA,NA,Blank,2021-10-27T12:13:58Z
8,NA,NA,Blank,2021-09-10T00:56:53Z
6,Vulpes,vulpes,Red Fox,2021-09-10T01:12:33Z
6,NA,NA,Blank,2021-09-10T11:27:27Z
1,NA,NA,Bird,2021-10-23T11:47:14Z
13,NA,NA,Blank,2021-09-21T20:13:52Z
13,NA,NA,Blank,2021-09-20T20:12:49Z
13,Capreolus,capreolus,European Roe Deer,2021-09-03T06:09:29Z
13,NA,NA,Blank,2021-09-04T08:48:23Z
13,NA,NA,Blank,2021-09-09T07:43:16Z
13,NA,NA,Blank,2021-09-11T08:23:58Z
5,NA,NA,Blank,2021-09-05T08:47:26Z
5,NA,NA,Blank,2021-09-25T07:39:25Z
6,Vulpes,vulpes,Red Fox,2021-09-05T06:10:29Z
6,NA,NA,Blank,2021-09-15T00:18:32Z
6,NA,NA,Blank,2021-09-18T04:05:56Z
6,NA,NA,Blank,2021-09-18T18:37:14Z
6,NA,NA,Blank,2021-10-13T16:34:27Z
6,Sciurus,vulgaris,Eurasian Red Squirrel,2021-10-15T15:07:27Z
6,NA,NA,Bird,2021-10-17T13:37:28Z
6,NA,NA,Blank,2021-10-18T01:30:57Z
13,Capreolus,capreolus,European Roe Deer,2021-10-18T19:18:00Z
13,NA,NA,Blank,2021-10-25T12:30:40Z
6,Vulpes,vulpes,Red Fox,2021-10-10T12:25:19Z
6,NA,NA,Blank,2021-10-10T14:24:01Z
7,NA,NA,Blank,2021-10-09T10:11:25Z
13,Sciurus,vulgaris,Eurasian Red Squirrel,2021-10-02T11:27:42Z
13,NA,NA,Blank,2021-10-04T01:09:47Z
12,NA,NA,Blank,2021-09-12T21:39:24Z
12,Homo,sapiens,Human,2021-10-29T10:49:01Z
12,NA,NA,Blank,2021-10-16T12:57:41Z
12,NA,NA,Blank,2021-09-15T14:16:40Z
6,NA,NA,Blank,2021-09-25T13:34:11Z
6,NA,NA,Blank,2021-10-03T15:55:35Z
7,NA,NA,Blank,2021-09-28T03:46:58Z
13,NA,NA,Blank,2021-09-29T09:38:40Z
12,NA,NA,Blank,2021-10-03T08:22:32Z
12,NA,NA,Blank,2021-10-03T16:22:53Z
6,Vulpes,vulpes,Red Fox,2021-10-10T09:15:55Z
12,Capreolus,capreolus,European Roe Deer,2021-10-18T20:16:01Z
13,NA,NA,Blank,2021-10-01T10:59:42Z
13,NA,NA,Blank,2021-10-07T12:51:18Z
12,NA,NA,Blank,2021-10-10T07:26:18Z
13,Sciurus,vulgaris,Eurasian Red Squirrel,2021-10-11T11:21:34Z
13,NA,NA,Blank,2021-10-09T22:32:37Z
13,Sus,scrofa,Wild Boar,2021-10-11T05:51:01Z
14,NA,NA,Blank,2021-09-17T19:23:16Z
13,NA,NA,Blank,2021-09-18T12:23:50Z
13,Vulpes,vulpes,Red Fox,2021-09-19T05:56:29Z
6,NA,NA,Blank,2021-09-22T21:55:25Z
6,Martes,martes,Pine Marten,2021-10-05T00:42:25Z
12,NA,NA,Blank,2021-10-26T18:56:05Z
13,Vulpes,vulpes,Red Fox,2021-09-20T05:47:40Z
12,Sus,scrofa,Wild Boar,2021-10-10T06:46:17Z
12,NA,NA,Blank,2021-09-12T06:55:30Z
12,NA,NA,Blank,2021-09-13T07:57:08Z
11,Sus,scrofa,Wild Boar,2021-10-11T20:49:37Z
11,Vulpes,vulpes,Red Fox,2021-10-14T23:41:59Z
9,Capreolus,capreolus,European Roe Deer,2021-09-01T09:06:16Z
11,NA,NA,Blank,2021-10-07T10:35:47Z
4,Homo,sapiens,Human,2021-08-31T10:28:24Z
4,Homo,sapiens,Human,2021-08-31T10:30:39Z
13,Procyon,lotor,Northern Raccoon,2021-10-13T06:20:53Z
12,NA,NA,Blank,2021-09-21T22:00:06Z
4,NA,NA,Bird,2021-09-02T15:06:56Z
4,NA,NA,Blank,2021-09-13T11:49:26Z
4,NA,NA,Blank,2021-09-28T21:08:38Z
4,NA,NA,Blank,2021-10-03T08:38:53Z
4,NA,NA,Bird,2021-10-03T14:15:30Z
4,NA,NA,Bird,2021-10-04T11:59:37Z
4,NA,NA,Blank,2021-10-06T01:07:41Z
11,NA,NA,Blank,2021-09-28T08:06:08Z
11,NA,NA,Blank,2021-10-21T13:17:26Z
7,NA,NA,Blank,2021-09-21T02:42:11Z
3,Capreolus,capreolus,European Roe Deer,2021-09-20T01:23:45Z
9,Sus,scrofa,Wild Boar,2021-09-16T22:42:44Z
9,NA,NA,Blank,2021-10-12T15:38:44Z
9,NA,NA,Blank,2021-10-25T08:37:11Z
4,NA,NA,Bird,2021-10-11T11:31:16Z
4,NA,NA,Bird,2021-10-07T13:15:09Z
4,NA,NA,Bird,2021-10-07T14:00:44Z
4,NA,NA,Blank,2021-10-10T12:00:01Z
4,NA,NA,Bird,2021-10-13T17:01:42Z
4,NA,NA,Blank,2021-08-31T16:46:24Z
9,Sus,scrofa,Wild Boar,2021-10-17T05:44:15Z
9,Capreolus,capreolus,European Roe Deer,2021-09-24T01:02:24Z
3,NA,NA,Blank,2021-10-07T08:02:33Z
9,Sus,scrofa,Wild Boar,2021-10-04T03:55:48Z
10,NA,NA,Bird,2021-10-28T13:39:00Z
10,NA,NA,Bird,2021-09-04T06:22:36Z
10,NA,NA,Bird,2021-09-07T06:27:34Z
10,NA,NA,Bird,2021-09-17T16:24:55Z
10,NA,NA,Bird,2021-09-15T15:49:26Z
10,NA,NA,Bird,2021-09-14T19:52:51Z
10,NA,NA,Bird,2021-09-22T09:03:14Z
10,NA,NA,Bird,2021-09-19T06:45:48Z
10,NA,NA,Bird,2021-09-22T12:36:35Z
10,NA,NA,Bird,2021-10-09T12:57:51Z
10,NA,NA,Bird,2021-10-01T14:17:26Z
10,NA,NA,Bird,2021-10-12T13:48:40Z
10,NA,NA,Bird,2021-10-09T16:12:22Z
10,NA,NA,Bird,2021-10-28T13:05:33Z
10,NA,NA,Bird,2021-09-23T06:56:22Z
10,NA,NA,Blank,2021-09-04T06:28:32Z
10,Sus,scrofa,Wild Boar,2021-09-16T08:00:31Z
10,NA,NA,Bird,2021-10-07T12:54:30Z
10,Vulpes,vulpes,Red Fox,2021-10-08T23:27:21Z
10,NA,NA,Blank,2021-09-28T10:31:10Z
10,NA,NA,Blank,2021-09-12T08:17:15Z
10,NA,NA,Blank,2021-09-16T15:34:29Z
10,NA,NA,Blank,2021-09-28T07:59:13Z
10,No CV Result,No CV Result,No CV Result,2021-09-04T21:11:09Z
12,No CV Result,No CV Result,No CV Result,2021-09-01T00:50:24Z
11,Felis,catus,Domestic Cat,2021-09-10T01:49:05Z
11,Procyon,lotor,Northern Raccoon,2021-10-24T06:03:14Z
9,Meles,meles,Eurasian Badger,2021-09-27T00:18:55Z
9,NA,NA,Blank,2021-10-09T07:11:43Z
13,Martes,martes,Pine Marten,2021-10-29T00:11:35Z
9,Meles,meles,Eurasian Badger,2021-10-15T21:09:47Z
9,NA,NA,Blank,2021-10-16T01:46:19Z
9,Vulpes,vulpes,Red Fox,2021-10-26T19:51:29Z
3,NA,NA,Blank,2021-08-27T20:29:00Z
4,Meles,meles,Eurasian Badger,2021-09-21T23:20:32Z
4,NA,NA,Blank,2021-10-16T22:20:44Z
4,NA,NA,Blank,2021-10-21T06:02:49Z
4,NA,NA,Blank,2021-10-23T06:04:42Z
4,Meles,meles,Eurasian Badger,2021-10-24T01:43:22Z
1,Capreolus,capreolus,European Roe Deer,2021-10-10T08:43:08Z
5,Homo,sapiens,Human,2021-09-04T18:49:44Z
5,Homo,sapiens,Human,2021-09-17T15:03:17Z
5,Sus,scrofa,Wild Boar,2021-10-28T22:15:57Z
7,Canis,familiaris,Domestic Dog,2021-10-07T10:39:38Z
7,Homo,sapiens,Human,2021-10-07T10:39:38Z
7,Homo,sapiens,Human,2021-10-10T11:00:14Z
7,Homo,sapiens,Human,2021-10-24T11:33:35Z
7,Homo,sapiens,Human,2021-10-24T13:17:15Z
8,Capreolus,capreolus,European Roe Deer,2021-10-05T09:26:22Z
8,Vulpes,vulpes,Red Fox,2021-10-22T07:11:11Z
7,Vulpes,vulpes,Red Fox,2021-10-18T06:48:16Z
7,Vulpes,vulpes,Red Fox,2021-10-21T17:55:39Z
8,NA,NA,Blank,2021-09-01T08:24:39Z
6,NA,NA,Blank,2021-09-10T01:14:33Z
6,Sus,scrofa,Wild Boar,2021-09-11T00:58:00Z
6,Sus,scrofa,Wild Boar,2021-09-04T23:27:16Z
14,Homo,sapiens,Human,2021-08-31T11:18:25Z
2,NA,NA,Blank,2021-10-21T18:38:40Z
13,Sus,scrofa,Wild Boar,2021-09-26T05:56:50Z
13,NA,NA,Blank,2021-09-21T11:34:55Z
13,Sus,scrofa,Wild Boar,2021-09-03T06:03:39Z
13,NA,NA,Blank,2021-09-09T11:36:19Z
5,NA,NA,Blank,2021-10-04T12:37:44Z
5,Capreolus,capreolus,European Roe Deer,2021-10-08T20:03:48Z
5,NA,NA,Blank,2021-10-28T22:03:38Z
6,NA,NA,Blank,2021-09-05T04:06:46Z
6,Capreolus,capreolus,European Roe Deer,2021-09-06T09:08:05Z
6,NA,NA,Blank,2021-09-07T05:49:37Z
6,NA,NA,Blank,2021-09-18T07:28:20Z
6,NA,NA,Blank,2021-10-13T16:38:26Z
13,NA,NA,Blank,2021-10-28T20:39:50Z
13,NA,NA,Blank,2021-10-15T10:26:14Z
13,Sus,scrofa,Wild Boar,2021-10-17T05:42:47Z
6,NA,NA,Blank,2021-10-22T07:51:44Z
6,Vulpes,vulpes,Red Fox,2021-10-10T12:27:09Z
6,NA,NA,Blank,2021-10-11T04:22:22Z
6,Procyon,lotor,Northern Raccoon,2021-10-13T05:28:11Z
8,Capreolus,capreolus,European Roe Deer,2021-10-09T19:38:16Z
8,NA,NA,Bird,2021-10-10T11:20:48Z
8,Vulpes,vulpes,Red Fox,2021-10-14T20:28:04Z
13,Sciurus,vulgaris,Eurasian Red Squirrel,2021-10-12T12:42:30Z
6,NA,NA,Blank,2021-10-26T23:05:43Z
8,Sus,scrofa,Wild Boar,2021-10-26T01:44:20Z
6,Sciurus,vulgaris,Eurasian Red Squirrel,2021-10-08T14:58:49Z
13,Sciurus,vulgaris,Eurasian Red Squirrel,2021-10-01T10:26:38Z
6,Sciurus,vulgaris,Eurasian Red Squirrel,2021-10-03T10:29:08Z
13,Sciurus,vulgaris,Eurasian Red Squirrel,2021-10-01T14:11:01Z
13,NA,NA,Blank,2021-10-02T16:42:56Z
12,Capreolus,capreolus,European Roe Deer,2021-09-05T05:53:04Z
12,NA,NA,Blank,2021-09-15T13:14:58Z
12,NA,NA,Bird,2021-10-24T13:23:57Z
14,NA,NA,Blank,2021-09-14T13:34:31Z
12,NA,NA,Blank,2021-09-05T07:23:09Z
12,NA,NA,Blank,2021-09-12T13:05:54Z
6,NA,NA,Blank,2021-10-04T21:56:48Z
6,NA,NA,Blank,2021-10-06T08:57:25Z
13,NA,NA,Blank,2021-09-28T16:04:03Z
12,NA,NA,Blank,2021-09-26T09:33:20Z
12,NA,NA,Blank,2021-10-04T12:40:56Z
6,Sciurus,vulgaris,Eurasian Red Squirrel,2021-09-30T15:19:42Z
6,Vulpes,vulpes,Red Fox,2021-09-27T23:01:59Z
13,NA,NA,Blank,2021-10-19T06:17:52Z
13,NA,NA,Blank,2021-10-09T15:18:02Z
11,Homo,sapiens,Human,2021-09-19T16:01:19Z
11,NA,NA,Blank,2021-10-28T10:06:51Z
11,NA,NA,Blank,2021-09-06T11:21:42Z
11,NA,NA,Blank,2021-09-08T15:12:24Z
13,Sciurus,vulgaris,Eurasian Red Squirrel,2021-09-17T13:19:07Z
13,NA,NA,Blank,2021-10-08T17:42:04Z
13,NA,NA,Blank,2021-10-10T12:10:38Z
6,NA,NA,Blank,2021-09-24T08:24:28Z
6,Sciurus,vulgaris,Eurasian Red Squirrel,2021-09-24T09:22:15Z
6,Procyon,lotor,Northern Raccoon,2021-09-26T05:38:08Z
6,NA,NA,Blank,2021-09-29T22:09:54Z
12,Capreolus,capreolus,European Roe Deer,2021-09-11T02:31:19Z
7,NA,NA,Bird,2021-09-21T11:07:43Z
9,Homo,sapiens,Human,2021-10-29T10:05:36Z
13,Vulpes,vulpes,Red Fox,2021-09-20T05:02:37Z
12,Capreolus,capreolus,European Roe Deer,2021-10-06T22:12:24Z
12,NA,NA,Blank,2021-09-22T22:31:39Z
12,NA,NA,Blank,2021-09-23T09:34:27Z
12,NA,NA,Bird,2021-09-17T16:38:05Z
12,NA,NA,Blank,2021-09-22T10:28:29Z
12,NA,NA,Blank,2021-09-12T20:45:15Z
6,NA,NA,Blank,2021-08-31T13:00:44Z
11,NA,NA,Blank,2021-10-05T12:37:03Z
13,Procyon,lotor,Northern Raccoon,2021-10-09T06:37:31Z
4,NA,NA,Bird,2021-09-01T06:38:58Z
4,NA,NA,Bird,2021-09-04T09:49:53Z
4,NA,NA,Blank,2021-09-23T07:15:59Z
4,NA,NA,Blank,2021-09-26T04:40:08Z
4,NA,NA,Blank,2021-09-19T06:46:24Z
4,Capreolus,capreolus,European Roe Deer,2021-09-21T06:31:44Z
4,NA,NA,Bird,2021-09-28T09:42:04Z
4,NA,NA,Blank,2021-09-30T21:26:56Z
4,NA,NA,Bird,2021-10-01T11:42:50Z
4,NA,NA,Bird,2021-10-01T10:13:53Z
4,Capreolus,capreolus,European Roe Deer,2021-10-03T19:05:54Z
6,Sciurus,vulgaris,Eurasian Red Squirrel,2021-10-26T10:56:03Z
11,NA,NA,Blank,2021-09-20T10:30:20Z
4,NA,NA,Bird,2021-10-16T12:23:11Z
9,Sus,scrofa,Wild Boar,2021-10-06T23:03:21Z
9,NA,NA,Blank,2021-10-18T10:04:29Z
9,NA,NA,Blank,2021-10-02T13:47:12Z
3,NA,NA,Blank,2021-10-10T12:43:50Z
4,NA,NA,Blank,2021-10-09T17:28:41Z
4,NA,NA,Blank,2021-10-09T07:57:05Z
4,NA,NA,Blank,2021-10-21T12:54:14Z
9,Vulpes,vulpes,Red Fox,2021-10-25T04:10:15Z
4,NA,NA,Bird,2021-10-23T14:55:06Z
4,NA,NA,Bird,2021-09-03T14:12:25Z
9,Meles,meles,Eurasian Badger,2021-10-23T04:15:22Z
10,NA,NA,Bird,2021-09-03T14:36:17Z
10,NA,NA,Bird,2021-09-06T08:24:40Z
10,NA,NA,Bird,2021-09-15T06:36:52Z
10,NA,NA,Bird,2021-09-20T08:08:02Z
10,Vulpes,vulpes,Red Fox,2021-09-11T06:10:51Z
10,NA,NA,Blank,2021-10-03T08:00:31Z
10,Sciurus,vulgaris,Eurasian Red Squirrel,2021-10-05T13:14:50Z
10,Sciurus,vulgaris,Eurasian Red Squirrel,2021-10-25T10:49:01Z
10,NA,NA,Bird,2021-10-01T08:51:35Z
10,NA,NA,Bird,2021-09-28T09:10:22Z
10,NA,NA,Bird,2021-09-29T18:43:26Z
10,NA,NA,Blank,2021-09-06T20:01:57Z
10,NA,NA,Blank,2021-10-24T11:06:27Z
10,Procyon,lotor,Northern Raccoon,2021-09-07T21:57:00Z
10,Capreolus,capreolus,European Roe Deer,2021-09-12T15:08:00Z
10,NA,NA,Blank,2021-09-12T08:57:49Z
10,NA,NA,Blank,2021-10-18T07:45:06Z
10,NA,NA,Blank,2021-10-11T13:46:54Z
10,NA,NA,Blank,2021-09-09T08:26:21Z
10,NA,NA,Blank,2021-10-16T14:01:37Z
10,NA,NA,Blank,2021-09-26T12:21:38Z
9,Meles,meles,Eurasian Badger,2021-09-30T04:58:51Z
10,NA,NA,Blank,2021-10-19T04:04:39Z
10,Martes,martes,Pine Marten,2021-09-14T23:38:03Z
8,NA,NA,Carnivorous Mammal,2021-09-22T05:27:52Z
13,Martes,martes,Pine Marten,2021-10-06T23:34:02Z
11,Procyon,lotor,Northern Raccoon,2021-09-19T04:14:03Z
13,Martes,martes,Pine Marten,2021-10-12T22:04:04Z
12,Meles,meles,Eurasian Badger,2021-10-13T23:44:38Z
9,Meles,meles,Eurasian Badger,2021-09-20T23:51:19Z
9,Capreolus,capreolus,European Roe Deer,2021-09-24T00:56:49Z
9,Sus,scrofa,Wild Boar,2021-09-24T02:08:32Z
9,Sus,scrofa,Wild Boar,2021-09-24T02:52:48Z
9,Vulpes,vulpes,Red Fox,2021-10-09T23:22:48Z
9,Sus,scrofa,Wild Boar,2021-10-12T19:44:20Z
4,Meles,meles,Eurasian Badger,2021-09-25T01:45:30Z
4,Procyon,lotor,Northern Raccoon,2021-10-02T21:06:44Z
1,Capreolus,capreolus,European Roe Deer,2021-09-23T23:35:29Z
5,Homo,sapiens,Human,2021-10-15T17:22:46Z
7,Homo,sapiens,Human,2021-08-31T10:54:31Z
7,Homo,sapiens,Human,2021-09-05T16:09:15Z
7,Homo,sapiens,Human,2021-09-07T17:08:17Z
7,Homo,sapiens,Human - Biker,2021-09-12T10:54:27Z
7,Homo,sapiens,Human,2021-10-23T12:33:30Z
8,Capreolus,capreolus,European Roe Deer,2021-10-06T00:10:29Z
7,NA,NA,Blank,2021-10-11T14:45:58Z
6,Sus,scrofa,Wild Boar,2021-10-01T02:03:23Z
6,Sciurus,vulgaris,Eurasian Red Squirrel,2021-10-02T11:11:48Z
13,Sciurus,vulgaris,Eurasian Red Squirrel,2021-09-03T08:50:11Z
13,Vulpes,vulpes,Red Fox,2021-09-07T03:33:41Z
5,Capreolus,capreolus,European Roe Deer,2021-09-18T21:12:37Z
6,NA,NA,Blank,2021-09-02T00:34:31Z
6,Capreolus,capreolus,European Roe Deer,2021-09-09T10:58:25Z
6,Vulpes,vulpes,Red Fox,2021-09-17T19:48:41Z
6,Sciurus,vulgaris,Eurasian Red Squirrel,2021-10-14T10:37:32Z
6,Vulpes,vulpes,Red Fox,2021-10-17T12:04:33Z
13,NA,NA,Blank,2021-10-28T08:19:41Z
13,NA,NA,Blank,2021-10-15T19:18:45Z
13,Sus,scrofa,Wild Boar,2021-10-17T05:38:38Z
6,NA,NA,Bird,2021-10-23T13:37:33Z
6,Sciurus,vulgaris,Eurasian Red Squirrel,2021-10-10T10:35:44Z
6,NA,NA,Blank,2021-10-10T14:03:08Z
6,Sus,scrofa,Wild Boar,2021-10-12T23:49:44Z
13,Sus,scrofa,Wild Boar,2021-10-07T21:05:36Z
13,Sciurus,vulgaris,Eurasian Red Squirrel,2021-10-08T14:27:48Z
13,NA,NA,Blank,2021-10-12T17:06:11Z
8,NA,NA,Blank,2021-10-01T20:39:31Z
8,NA,NA,Blank,2021-10-04T12:03:58Z
13,NA,NA,Blank,2021-10-01T19:44:09Z
13,Sciurus,vulgaris,Eurasian Red Squirrel,2021-10-10T11:17:00Z
12,NA,NA,Blank,2021-09-15T14:39:35Z
12,Capreolus,capreolus,European Roe Deer,2021-10-25T20:13:15Z
12,Homo,sapiens,Human,2021-10-24T14:05:15Z
14,NA,NA,Blank,2021-09-15T06:46:21Z
6,NA,NA,Blank,2021-10-24T22:16:54Z
12,NA,NA,Blank,2021-10-18T11:09:22Z
13,Sus,scrofa,Wild Boar,2021-10-07T06:19:52Z
13,Sus,scrofa,Wild Boar,2021-10-07T06:29:29Z
13,NA,NA,Blank,2021-10-10T23:51:29Z
11,Homo,sapiens,Human,2021-10-08T17:20:55Z
11,NA,NA,Blank,2021-10-28T08:25:45Z
11,Homo,sapiens,Human,2021-08-27T11:43:34Z
11,NA,NA,Blank,2021-09-06T11:23:55Z
11,NA,NA,Blank,2021-09-08T09:41:21Z
13,Sciurus,vulgaris,Eurasian Red Squirrel,2021-09-20T14:56:11Z
13,NA,NA,Blank,2021-10-09T07:08:48Z
8,Meles,meles,Eurasian Badger,2021-10-29T01:08:07Z
6,NA,NA,Blank,2021-09-24T04:10:45Z
6,Sciurus,vulgaris,Eurasian Red Squirrel,2021-10-06T08:44:59Z
7,NA,NA,Bird,2021-09-30T13:53:57Z
14,Canis,familiaris,Domestic Dog,2021-09-09T17:22:41Z
9,NA,NA,Blank,2021-09-16T22:16:20Z
9,NA,NA,Blank,2021-09-19T05:22:16Z
9,NA,NA,Blank,2021-10-28T09:12:47Z
9,NA,NA,Blank,2021-10-28T09:17:35Z
14,Lepus,europaeus,European Hare,2021-09-18T06:31:27Z
11,NA,NA,Blank,2021-10-08T11:50:38Z
13,Sciurus,vulgaris,Eurasian Red Squirrel,2021-09-14T11:36:32Z
4,NA,NA,Blank,2021-09-02T17:17:09Z
4,NA,NA,Blank,2021-09-30T21:28:52Z
4,NA,NA,Blank,2021-09-22T13:23:48Z
4,NA,NA,Bird,2021-09-30T16:32:37Z
4,NA,NA,Bird,2021-09-21T11:36:56Z
11,NA,NA,Bird,2021-09-22T11:10:35Z
11,NA,NA,Blank,2021-09-22T11:15:43Z
11,NA,NA,Blank,2021-09-27T07:09:44Z
11,NA,NA,Blank,2021-09-29T07:44:13Z
4,NA,NA,Bird,2021-10-18T09:39:14Z
3,NA,NA,Blank,2021-09-06T19:09:19Z
9,NA,NA,Blank,2021-09-27T15:23:39Z
4,NA,NA,Bird,2021-10-07T12:53:58Z
4,NA,NA,Blank,2021-10-10T16:44:43Z
9,NA,NA,Blank,2021-10-24T11:35:39Z
9,NA,NA,Blank,2021-09-05T11:53:50Z
9,NA,NA,Blank,2021-09-06T11:40:19Z
9,NA,NA,Blank,2021-09-14T06:33:25Z
12,NA,NA,Blank,2021-10-17T22:56:24Z
9,Meles,meles,Eurasian Badger,2021-09-24T00:30:09Z
13,NA,NA,Blank,2021-09-14T06:57:11Z
4,NA,NA,Blank,2021-10-08T06:36:20Z
4,NA,NA,Blank,2021-10-08T06:18:39Z
9,Sus,scrofa,Wild Boar,2021-10-12T04:36:14Z
3,NA,NA,Blank,2021-09-19T07:13:12Z
10,NA,NA,Bird,2021-10-15T14:38:43Z
10,NA,NA,Blank,2021-10-12T15:43:14Z
10,NA,NA,Blank,2021-10-06T08:44:19Z
10,Vulpes,vulpes,Red Fox,2021-10-21T21:38:07Z
10,NA,NA,Bird,2021-08-31T13:17:13Z
10,Sus,scrofa,Wild Boar,2021-09-03T06:21:05Z
10,NA,NA,Blank,2021-10-25T11:03:56Z
10,NA,NA,Blank,2021-09-07T13:50:30Z
10,Capreolus,capreolus,European Roe Deer,2021-09-12T20:07:17Z
10,NA,NA,Blank,2021-10-06T08:47:40Z
9,NA,NA,Blank,2021-09-11T19:48:15Z
10,Martes,martes,Pine Marten,2021-10-25T05:11:14Z
6,NA,NA,Blank,2021-10-07T03:31:47Z
9,Vulpes,vulpes,Red Fox,2021-08-27T23:48:41Z
9,NA,NA,Blank,2021-09-02T03:39:53Z
9,NA,NA,Blank,2021-09-05T04:56:38Z
9,No CV Result,No CV Result,No CV Result,2021-09-18T19:22:09Z
13,Martes,martes,Pine Marten,2021-10-16T06:42:51Z
9,NA,NA,Blank,2021-09-19T05:25:48Z
9,Capreolus,capreolus,European Roe Deer,2021-09-24T00:58:46Z
9,Meles,meles,Eurasian Badger,2021-09-26T01:38:06Z
9,Sus,scrofa,Wild Boar,2021-09-28T02:01:39Z
9,NA,NA,Blank,2021-10-04T00:14:45Z
9,Vulpes,vulpes,Red Fox,2021-10-12T22:41:00Z
11,Vulpes,vulpes,Red Fox,2021-10-21T06:20:42Z
3,Vulpes,vulpes,Red Fox,2021-09-22T07:14:17Z
4,Meles,meles,Eurasian Badger,2021-10-24T21:07:07Z
4,Meles,meles,Eurasian Badger,2021-10-24T21:18:13Z
1,Homo,sapiens,Human,2021-10-29T10:34:38Z
1,NA,NA,Mammal,2021-09-28T06:44:36Z
5,Homo,sapiens,Human,2021-09-14T18:50:50Z
5,Homo,sapiens,Human,2021-09-05T19:32:57Z
6,Sus,scrofa,Wild Boar,2021-09-13T21:34:35Z
7,Homo,sapiens,Human,2021-10-20T11:51:38Z
7,NA,NA,Blank,2021-10-20T10:29:25Z
7,Homo,sapiens,Human,2021-10-27T17:22:46Z
7,Homo,sapiens,Human,2021-10-27T17:25:55Z
7,Homo,sapiens,Human,2021-09-01T18:09:32Z
8,Homo,sapiens,Human,2021-10-29T11:10:19Z
8,NA,NA,Blank,2021-10-06T20:50:41Z
7,Homo,sapiens,Human,2021-09-27T18:14:06Z
7,NA,NA,Blank,2021-10-03T00:09:22Z
7,Vulpes,vulpes,Red Fox,2021-10-23T01:20:47Z
7,NA,NA,Blank,2021-10-27T11:10:11Z
8,Capreolus,capreolus,European Roe Deer,2021-09-02T12:22:35Z
6,NA,NA,Blank,2021-09-08T02:12:37Z
7,NA,NA,Blank,2021-10-10T16:14:48Z
6,NA,NA,Blank,2021-09-02T21:43:04Z
6,NA,NA,Blank,2021-10-01T13:18:52Z
13,Homo,sapiens,Human,2021-08-31T13:21:54Z
2,Sus,scrofa,Wild Boar,2021-09-30T02:58:29Z
13,NA,NA,Blank,2021-09-05T07:06:16Z
13,NA,NA,Blank,2021-09-10T20:36:50Z
5,NA,NA,Blank,2021-09-15T13:41:23Z
5,NA,NA,Blank,2021-10-08T13:02:04Z
6,Procyon,lotor,Northern Raccoon,2021-09-04T05:58:23Z
6,NA,NA,Blank,2021-09-19T17:21:42Z
7,Vulpes,vulpes,Red Fox,2021-09-16T23:32:24Z
6,NA,NA,Blank,2021-10-15T23:17:16Z
13,Sus,scrofa,Wild Boar,2021-10-25T23:22:56Z
13,NA,NA,Blank,2021-10-24T20:11:39Z
6,NA,NA,Blank,2021-10-19T17:25:49Z
6,Vulpes,vulpes,Red Fox,2021-10-23T02:42:36Z
6,NA,NA,Bird,2021-10-23T13:55:23Z
6,NA,NA,Bird,2021-10-10T10:10:07Z
6,NA,NA,Blank,2021-10-11T08:39:24Z
8,NA,NA,Bird,2021-10-10T11:16:16Z
8,Capreolus,capreolus,European Roe Deer,2021-10-10T14:33:02Z
7,NA,NA,Blank,2021-10-18T02:28:16Z
13,NA,NA,Blank,2021-10-27T19:57:53Z
7,NA,NA,Blank,2021-10-01T14:18:40Z
7,NA,NA,Blank,2021-10-01T14:56:21Z
6,Sciurus,vulgaris,Eurasian Red Squirrel,2021-10-09T13:45:07Z
13,Sciurus,vulgaris,Eurasian Red Squirrel,2021-10-06T10:18:54Z
13,NA,NA,Blank,2021-10-04T11:35:52Z
12,NA,NA,Blank,2021-09-27T13:31:11Z
12,Capreolus,capreolus,European Roe Deer,2021-10-16T02:37:53Z
12,NA,NA,Blank,2021-10-15T08:28:47Z
6,NA,NA,Blank,2021-09-01T19:36:25Z
14,NA,NA,Blank,2021-09-08T06:27:57Z
12,NA,NA,Blank,2021-09-12T07:05:53Z
13,NA,NA,Blank,2021-09-30T06:38:50Z
13,NA,NA,Blank,2021-10-04T01:55:13Z
12,NA,NA,Blank,2021-09-26T10:21:37Z
6,Sciurus,vulgaris,Eurasian Red Squirrel,2021-10-04T09:14:39Z
12,NA,NA,Blank,2021-10-17T17:55:50Z
13,NA,NA,Blank,2021-10-13T11:48:49Z
12,NA,NA,Blank,2021-10-11T12:03:06Z
12,Capreolus,capreolus,European Roe Deer,2021-10-06T22:27:54Z
11,NA,NA,Blank,2021-10-25T09:54:42Z
13,Sciurus,vulgaris,Eurasian Red Squirrel,2021-09-15T09:58:35Z
6,Martes,martes,Pine Marten,2021-10-10T22:35:23Z
12,Capreolus,capreolus,European Roe Deer,2021-10-01T01:14:29Z
1,NA,NA,Bird,2021-09-25T10:50:40Z
6,NA,NA,Blank,2021-09-21T04:36:01Z
9,Capreolus,capreolus,European Roe Deer,2021-09-11T07:06:51Z
13,Vulpes,vulpes,Red Fox,2021-09-15T23:06:55Z
13,Sus,scrofa,Wild Boar,2021-09-17T01:36:47Z
12,NA,NA,Blank,2021-10-13T16:59:17Z
12,NA,NA,Blank,2021-09-23T15:12:06Z
9,NA,NA,Blank,2021-10-26T13:34:43Z
11,Vulpes,vulpes,Red Fox,2021-09-30T20:15:32Z
11,NA,NA,Bird,2021-10-07T13:26:27Z
4,NA,NA,Blank,2021-09-24T04:03:26Z
4,NA,NA,Blank,2021-10-03T15:01:59Z
4,Procyon,lotor,Northern Raccoon,2021-09-17T03:02:19Z
4,NA,NA,Bird,2021-09-27T17:10:35Z
4,NA,NA,Blank,2021-10-01T20:59:31Z
4,Capreolus,capreolus,European Roe Deer,2021-10-03T19:04:46Z
4,NA,NA,Bird,2021-10-06T14:48:55Z
6,Sciurus,vulgaris,Eurasian Red Squirrel,2021-10-07T15:55:01Z
3,NA,NA,Blank,2021-08-30T18:47:17Z
3,Capreolus,capreolus,European Roe Deer,2021-10-23T23:05:34Z
4,NA,NA,Blank,2021-10-08T06:38:52Z
4,NA,NA,Blank,2021-10-10T02:59:11Z
9,NA,NA,Bird,2021-10-19T16:31:02Z
3,NA,NA,Blank,2021-09-12T08:00:57Z
4,Meles,meles,Eurasian Badger,2021-09-20T01:42:57Z
12,Meles,meles,Eurasian Badger,2021-09-29T01:17:01Z
10,Vulpes,vulpes,Red Fox,2021-09-24T16:07:09Z
10,NA,NA,Bird,2021-10-09T10:26:31Z
10,NA,NA,Blank,2021-10-03T10:47:32Z
10,NA,NA,Bird,2021-10-09T12:41:28Z
10,NA,NA,Bird,2021-10-28T12:44:18Z
10,Capreolus,capreolus,European Roe Deer,2021-10-10T09:03:13Z
10,Sus,scrofa,Wild Boar,2021-09-16T07:57:51Z
10,NA,NA,Bird,2021-09-22T06:50:06Z
10,Vulpes,vulpes,Red Fox,2021-09-08T09:11:22Z
10,Capreolus,capreolus,European Roe Deer,2021-09-22T07:47:12Z
10,NA,NA,Bird,2021-10-01T19:16:43Z
10,NA,NA,Bird,2021-09-29T07:24:08Z
6,Procyon,lotor,Northern Raccoon,2021-10-07T06:44:26Z
12,Procyon,lotor,Northern Raccoon,2021-09-24T06:59:47Z
12,Procyon,lotor,Northern Raccoon,2021-09-17T21:55:09Z
9,NA,NA,Blank,2021-09-04T02:32:18Z
9,Capreolus,capreolus,European Roe Deer,2021-09-10T19:30:27Z
9,Vulpes,vulpes,Red Fox,2021-09-24T01:49:31Z
9,NA,NA,Blank,2021-10-05T07:45:06Z
9,Vulpes,vulpes,Red Fox,2021-10-09T07:06:19Z
9,NA,NA,Blank,2021-10-09T06:59:27Z
9,Vulpes,vulpes,Red Fox,2021-10-15T01:21:33Z
3,NA,NA,Blank,2021-10-07T07:44:41Z
4,NA,NA,Blank,2021-09-28T22:43:39Z
4,Meles,meles,Eurasian Badger,2021-09-29T05:33:22Z
4,Procyon,lotor,Northern Raccoon,2021-10-16T01:47:36Z
1,Homo,sapiens,Human,2021-08-31T12:27:09Z
2,Parus,major,NA,2021-10-11T14:49:22Z
2,Homo,sapiens,Human,2021-08-27T11:22:20Z
1,NA,NA,Suidae Family,2021-10-16T06:45:19Z
5,Homo,sapiens,Human,2021-09-17T15:57:18Z
5,Homo,sapiens,Human,2021-10-29T10:00:14Z
7,Homo,sapiens,Human,2021-10-24T15:19:54Z
7,Vulpes,vulpes,Red Fox,2021-10-01T17:35:40Z
7,NA,NA,Blank,2021-10-02T04:35:33Z
7,NA,NA,Blank,2021-10-03T07:25:48Z
7,NA,NA,Bird,2021-10-08T17:36:50Z
6,NA,NA,Blank,2021-09-09T16:49:45Z
6,NA,NA,Blank,2021-09-11T07:59:38Z
6,Sus,scrofa,Wild Boar,2021-09-02T23:18:38Z
6,NA,NA,Blank,2021-10-01T04:29:52Z
14,Homo,sapiens,Human,2021-09-02T13:55:45Z
13,Sciurus,vulgaris,Eurasian Red Squirrel,2021-09-21T11:48:27Z
13,Sciurus,vulgaris,Eurasian Red Squirrel,2021-09-23T08:27:26Z
13,NA,NA,Blank,2021-09-26T20:56:03Z
13,Sus,scrofa,Wild Boar,2021-09-01T05:56:16Z
13,NA,NA,Blank,2021-09-09T10:34:43Z
5,NA,NA,Bird,2021-09-26T13:42:50Z
5,NA,NA,Blank,2021-09-02T07:01:52Z
2,Vulpes,vulpes,Red Fox,2021-10-22T21:11:34Z
6,NA,NA,Blank,2021-09-02T15:54:51Z
6,Vulpes,vulpes,Red Fox,2021-09-02T12:49:13Z
6,Procyon,lotor,Northern Raccoon,2021-09-18T04:53:46Z
6,Capreolus,capreolus,European Roe Deer,2021-09-09T07:24:01Z
6,Sus,scrofa,Wild Boar,2021-09-17T02:01:53Z
6,NA,NA,Blank,2021-10-14T10:23:07Z
6,NA,NA,Blank,2021-10-17T02:17:09Z
6,NA,NA,Bird,2021-10-17T08:07:30Z
6,NA,NA,Blank,2021-10-24T20:49:17Z
7,NA,NA,Bird,2021-10-11T14:47:21Z
8,Capreolus,capreolus,European Roe Deer,2021-10-25T06:42:23Z
13,Sciurus,vulgaris,Eurasian Red Squirrel,2021-10-03T09:37:59Z
12,Procyon,lotor,Northern Raccoon,2021-09-10T06:20:07Z
12,Capreolus,capreolus,European Roe Deer,2021-10-16T07:52:29Z
12,NA,NA,Blank,2021-10-15T04:05:41Z
12,NA,NA,Blank,2021-10-28T13:12:15Z
12,NA,NA,Blank,2021-09-11T11:19:21Z
12,NA,NA,Blank,2021-09-17T18:48:44Z
7,NA,NA,Blank,2021-09-30T01:33:54Z
13,NA,NA,Blank,2021-09-29T07:55:19Z
13,NA,NA,Blank,2021-10-04T14:44:14Z
13,NA,NA,Blank,2021-10-04T22:57:32Z
12,NA,NA,Blank,2021-10-05T17:55:14Z
13,Sciurus,vulgaris,Eurasian Red Squirrel,2021-09-30T11:19:32Z
13,Sciurus,vulgaris,Eurasian Red Squirrel,2021-10-05T12:34:43Z
6,Sus,scrofa,Wild Boar,2021-09-30T04:10:53Z
6,NA,NA,Blank,2021-10-19T05:17:01Z
12,NA,NA,Blank,2021-10-17T17:56:52Z
13,NA,NA,Blank,2021-10-07T14:30:27Z
12,NA,NA,Blank,2021-10-09T17:10:54Z
11,Homo,sapiens,Human,2021-09-19T16:04:53Z
11,NA,NA,Blank,2021-10-25T13:08:24Z
11,NA,NA,Blank,2021-10-28T08:33:08Z
12,NA,NA,Blank,2021-09-22T18:45:33Z
12,Procyon,lotor,Northern Raccoon,2021-09-12T21:08:49Z
12,Capreolus,capreolus,European Roe Deer,2021-09-05T05:55:07Z
6,Procyon,lotor,Northern Raccoon,2021-09-07T05:55:47Z
6,Meles,meles,Eurasian Badger,2021-09-28T00:35:36Z
9,NA,NA,Blank,2021-09-11T07:08:36Z
9,Meles,meles,Eurasian Badger,2021-09-23T06:17:10Z
13,NA,NA,Blank,2021-10-15T03:30:13Z
12,NA,NA,Blank,2021-09-15T01:10:59Z
12,NA,NA,Blank,2021-09-13T08:55:06Z
11,NA,NA,Blank,2021-09-18T23:16:49Z
9,NA,NA,Blank,2021-10-26T13:45:31Z
11,NA,NA,Bird,2021-10-07T11:45:42Z
3,Homo,sapiens,Human,2021-10-23T19:06:34Z
3,Homo,sapiens,Human,2021-10-24T17:02:06Z
4,NA,NA,Blank,2021-08-31T14:45:08Z
4,NA,NA,Bird,2021-09-19T14:31:20Z
4,NA,NA,Blank,2021-09-30T13:26:40Z
4,NA,NA,Bird,2021-10-04T12:01:52Z
4,NA,NA,Bird,2021-10-04T14:29:52Z
11,Vulpes,vulpes,Red Fox,2021-09-21T01:01:00Z
11,NA,NA,Bird,2021-09-22T11:20:44Z
6,Sciurus,vulgaris,Eurasian Red Squirrel,2021-10-07T14:53:35Z
9,NA,NA,Blank,2021-10-26T14:04:16Z
9,NA,NA,Blank,2021-10-23T13:52:54Z
4,NA,NA,Bird,2021-10-11T10:06:37Z
9,NA,NA,Blank,2021-10-06T00:52:07Z
4,NA,NA,Bird,2021-10-21T17:03:31Z
9,NA,NA,Blank,2021-10-23T13:30:35Z
9,Meles,meles,Eurasian Badger,2021-10-23T19:44:33Z
12,Vulpes,vulpes,Red Fox,2021-10-15T02:27:08Z
4,NA,NA,Blank,2021-10-08T06:31:08Z
9,Sus,scrofa,Wild Boar,2021-10-04T04:30:55Z
9,Meles,meles,Eurasian Badger,2021-09-21T20:12:40Z
9,Meles,meles,Eurasian Badger,2021-09-21T22:33:37Z
10,Homo,sapiens,Human,2021-10-29T11:45:58Z
10,NA,NA,Blank,2021-10-18T22:51:35Z
10,NA,NA,Bird,2021-09-05T16:53:04Z
10,NA,NA,Bird,2021-09-17T06:45:44Z
10,NA,NA,Bird,2021-09-05T10:34:22Z
10,NA,NA,Bird,2021-09-25T11:58:27Z
10,NA,NA,Bird,2021-10-11T13:39:12Z
10,NA,NA,Bird,2021-10-04T07:23:42Z
10,NA,NA,Bird,2021-10-03T07:07:31Z
10,Sciurus,vulgaris,Eurasian Red Squirrel,2021-10-10T14:29:53Z
10,NA,NA,Bird,2021-09-06T14:53:33Z
10,NA,NA,Bird,2021-09-14T08:16:19Z
10,NA,NA,Bird,2021-09-22T08:40:04Z
10,NA,NA,Bird,2021-10-01T13:29:39Z
10,NA,NA,Blank,2021-09-06T06:20:33Z
10,NA,NA,Blank,2021-09-06T12:25:56Z
10,NA,NA,Bird,2021-09-07T10:13:28Z
10,NA,NA,Blank,2021-10-08T11:37:17Z
10,NA,NA,Blank,2021-09-07T13:10:05Z
10,Sus,scrofa,Wild Boar,2021-10-03T08:01:43Z
10,NA,NA,Blank,2021-09-16T07:24:28Z
10,Sciurus,vulgaris,Eurasian Red Squirrel,2021-09-21T16:18:27Z
10,NA,NA,Blank,2021-09-30T13:17:48Z
10,NA,NA,Blank,2021-09-25T11:29:27Z
10,NA,NA,Blank,2021-09-24T12:50:11Z
9,Vulpes,vulpes,Red Fox,2021-09-12T02:15:31Z
10,Procyon,lotor,Northern Raccoon,2021-10-28T19:14:09Z
10,Vulpes,vulpes,Red Fox,2021-10-01T02:27:09Z
2,NA,NA,Carnivorous Mammal,2021-09-21T20:27:03Z
12,Meles,meles,Eurasian Badger,2021-09-19T00:21:18Z
13,Procyon,lotor,Northern Raccoon,2021-10-10T06:07:56Z
12,Meles,meles,Eurasian Badger,2021-09-17T02:33:05Z
11,Meles,meles,Eurasian Badger,2021-09-22T04:47:46Z
11,Felis,catus,Domestic Cat,2021-10-20T06:04:22Z
11,Procyon,lotor,Northern Raccoon,2021-10-24T06:01:56Z
9,NA,NA,Blank,2021-09-24T06:14:55Z
9,NA,NA,Blank,2021-09-27T06:27:04Z
9,Vulpes,vulpes,Red Fox,2021-10-13T22:01:25Z
4,Procyon,lotor,Northern Raccoon,2021-10-16T06:58:05Z
1,NA,NA,Blank,2021-09-01T06:09:11Z
1,Sus,scrofa,Wild Boar,2021-09-26T06:08:26Z
1,Parus,major,NA,2021-10-09T12:32:05Z
5,Homo,sapiens,Human,2021-09-18T14:40:01Z
7,Homo,sapiens,Human,2021-09-10T18:20:09Z
7,Homo,sapiens,Human,2021-10-08T15:03:26Z
7,Homo,sapiens,Human,2021-10-08T15:08:54Z
7,Homo,sapiens,Human,2021-10-23T12:38:41Z
8,Capreolus,capreolus,European Roe Deer,2021-10-12T20:00:38Z
8,NA,NA,Blank,2021-10-25T14:31:33Z
7,NA,NA,Blank,2021-10-09T14:15:45Z
7,NA,NA,Blank,2021-10-28T12:11:20Z
8,Procyon,lotor,Northern Raccoon,2021-09-03T20:27:47Z
6,Homo,sapiens,Human,2021-10-29T11:54:09Z
6,Vulpes,vulpes,Red Fox,2021-10-18T13:55:30Z
6,Vulpes,vulpes,Red Fox,2021-10-18T14:45:37Z
6,NA,NA,Blank,2021-09-11T20:20:22Z
13,Homo,sapiens,Human,2021-10-29T12:07:36Z
2,NA,NA,Blank,2021-10-21T06:22:07Z
13,Sciurus,vulgaris,Eurasian Red Squirrel,2021-09-22T10:55:51Z
13,Vulpes,vulpes,Red Fox,2021-09-10T00:52:06Z
5,NA,NA,Blank,2021-09-08T12:57:03Z
5,Capreolus,capreolus,European Roe Deer,2021-09-11T06:55:55Z
5,Capreolus,capreolus,European Roe Deer,2021-08-28T21:17:12Z
7,Vulpes,vulpes,Red Fox,2021-09-16T03:05:47Z
8,NA,NA,Blank,2021-09-10T01:01:12Z
8,Sus,scrofa,Wild Boar,2021-09-16T06:32:35Z
6,NA,NA,Blank,2021-10-15T13:46:34Z
6,NA,NA,Blank,2021-10-16T02:41:22Z
6,NA,NA,Blank,2021-10-16T19:18:35Z
6,NA,NA,Bird,2021-10-17T08:04:46Z
6,NA,NA,Blank,2021-10-18T01:11:54Z
13,NA,NA,Blank,2021-10-26T20:40:28Z
13,NA,NA,Blank,2021-10-17T08:00:55Z
13,NA,NA,Blank,2021-10-25T21:47:14Z
6,NA,NA,Blank,2021-10-20T15:09:39Z
6,Sciurus,vulgaris,Eurasian Red Squirrel,2021-10-10T17:35:57Z
6,Procyon,lotor,Northern Raccoon,2021-10-13T06:13:35Z
7,NA,NA,Blank,2021-10-01T22:23:01Z
12,Capreolus,capreolus,European Roe Deer,2021-10-16T22:20:03Z
6,NA,NA,Blank,2021-09-26T17:44:03Z
6,NA,NA,Blank,2021-10-04T06:11:32Z
6,NA,NA,Blank,2021-10-04T08:38:59Z
6,NA,NA,Blank,2021-10-06T16:52:14Z
7,NA,NA,Blank,2021-09-25T11:17:48Z
7,NA,NA,Blank,2021-09-28T18:33:48Z
12,NA,NA,Blank,2021-10-03T12:16:05Z
6,Sciurus,vulgaris,Eurasian Red Squirrel,2021-10-04T13:17:37Z
13,Sciurus,vulgaris,Eurasian Red Squirrel,2021-10-05T13:52:27Z
13,Sciurus,vulgaris,Eurasian Red Squirrel,2021-10-08T16:19:13Z
6,NA,NA,Blank,2021-09-30T20:59:31Z
12,NA,NA,Blank,2021-10-12T10:49:32Z
12,NA,NA,Blank,2021-10-11T11:08:55Z
11,Homo,sapiens,Human,2021-10-29T10:28:40Z
11,NA,NA,Blank,2021-10-24T10:49:36Z
13,Sciurus,vulgaris,Eurasian Red Squirrel,2021-09-17T10:21:40Z
13,NA,NA,Blank,2021-09-20T12:39:17Z
13,NA,NA,Blank,2021-10-08T21:46:25Z
6,Canis,familiaris,Domestic Dog,2021-09-20T12:33:51Z
6,Sciurus,vulgaris,Eurasian Red Squirrel,2021-10-06T15:50:48Z
7,Canis,familiaris,Domestic Dog,2021-09-24T18:47:09Z
7,Homo,sapiens,Human,2021-09-24T18:47:09Z
12,NA,NA,Blank,2021-10-06T00:28:31Z
9,Homo,sapiens,Human,2021-08-27T10:36:30Z
9,Homo,sapiens,Human,2021-08-29T12:33:18Z
9,NA,NA,Blank,2021-10-15T07:40:07Z
9,NA,NA,Blank,2021-10-28T09:42:15Z
9,NA,NA,Blank,2021-10-28T10:13:28Z
12,Capreolus,capreolus,European Roe Deer,2021-09-09T04:59:16Z
12,NA,NA,Blank,2021-09-05T20:53:31Z
12,NA,NA,Blank,2021-09-12T06:57:35Z
3,NA,NA,Blank,2021-10-16T07:46:22Z
4,NA,NA,Bird,2021-09-01T16:26:08Z
4,NA,NA,Blank,2021-09-09T17:41:32Z
4,NA,NA,Bird,2021-09-10T13:20:47Z
4,NA,NA,Bird,2021-09-13T10:59:30Z
4,NA,NA,Blank,2021-09-30T21:22:31Z
4,NA,NA,Bird,2021-09-13T14:50:38Z
4,NA,NA,Blank,2021-09-29T04:42:20Z
11,NA,NA,Blank,2021-10-18T11:00:01Z
12,Sciurus,vulgaris,Eurasian Red Squirrel,2021-10-27T12:39:25Z
3,Capreolus,capreolus,European Roe Deer,2021-09-01T09:32:55Z
3,Homo,sapiens,Human,2021-08-27T11:04:07Z
3,NA,NA,Blank,2021-09-22T10:54:55Z
9,Sciurus,vulgaris,Eurasian Red Squirrel,2021-10-07T08:18:18Z
3,NA,NA,Blank,2021-09-25T10:43:20Z
4,NA,NA,Bird,2021-10-07T12:05:56Z
9,Meles,meles,Eurasian Badger,2021-10-10T20:27:03Z
4,Canis,familiaris,Domestic Dog,2021-10-15T11:53:09Z
4,NA,NA,Blank,2021-10-28T22:49:50Z
9,Sciurus,vulgaris,Eurasian Red Squirrel,2021-09-09T09:24:14Z
9,Vulpes,vulpes,Red Fox,2021-10-23T02:36:33Z
4,Vulpes,vulpes,Red Fox,2021-10-12T19:20:22Z
10,NA,NA,Bird,2021-09-05T09:48:55Z
10,NA,NA,Bird,2021-09-15T14:16:15Z
10,NA,NA,Bird,2021-09-14T15:32:28Z
10,NA,NA,Bird,2021-09-11T15:29:57Z
10,NA,NA,Bird,2021-09-05T06:19:17Z
10,NA,NA,Bird,2021-09-20T14:48:49Z
10,NA,NA,Blank,2021-10-20T18:05:53Z
10,NA,NA,Blank,2021-09-03T20:20:58Z
10,NA,NA,Blank,2021-09-07T09:59:29Z
10,NA,NA,Bird,2021-09-19T19:21:25Z
10,Capreolus,capreolus,European Roe Deer,2021-09-20T08:21:29Z
10,NA,NA,Blank,2021-10-21T14:00:49Z
10,NA,NA,Blank,2021-09-26T09:40:34Z
10,NA,NA,Blank,2021-09-14T09:23:15Z
10,NA,NA,Blank,2021-09-26T09:48:03Z
10,NA,NA,Blank,2021-09-14T07:08:31Z
9,No CV Result,No CV Result,No CV Result,2021-09-30T06:43:28Z
10,NA,NA,Blank,2021-10-23T01:36:15Z
10,NA,NA,Blank,2021-10-07T05:54:07Z
10,Vulpes,vulpes,Red Fox,2021-10-01T07:25:24Z
12,Meles,meles,Eurasian Badger,2021-09-02T01:31:26Z
12,Meles,meles,Eurasian Badger,2021-09-19T00:22:26Z
11,Meles,meles,Eurasian Badger,2021-09-21T05:33:04Z
9,Vulpes,vulpes,Red Fox,2021-09-22T02:12:46Z
9,Meles,meles,Eurasian Badger,2021-09-27T23:56:51Z
9,Martes,martes,Pine Marten,2021-10-06T01:30:13Z
9,Meles,meles,Eurasian Badger,2021-10-11T06:50:02Z
9,Sus,scrofa,Wild Boar,2021-10-12T22:37:37Z
8,Procyon,lotor,Northern Raccoon,2021-10-21T21:59:03Z
3,Sus,scrofa,Wild Boar,2021-10-15T03:56:40Z
3,Capreolus,capreolus,European Roe Deer,2021-10-14T20:13:42Z
1,Capreolus,capreolus,European Roe Deer,2021-09-01T01:02:40Z
1,Parus,major,NA,2021-10-04T09:04:55Z
1,Parus,major,NA,2021-10-23T15:34:26Z
7,Homo,sapiens,Human,2021-10-04T13:31:18Z
7,Homo,sapiens,Human,2021-10-10T13:49:07Z
7,Homo,sapiens,Human,2021-10-24T10:45:13Z
7,NA,NA,Blank,2021-09-14T09:38:14Z
8,Capreolus,capreolus,European Roe Deer,2021-10-16T19:07:13Z
8,Vulpes,vulpes,Red Fox,2021-10-24T01:56:22Z
7,NA,NA,Blank,2021-10-25T18:53:39Z
6,NA,NA,Bird,2021-10-18T14:49:35Z
6,Sciurus,vulgaris,Eurasian Red Squirrel,2021-10-01T16:52:17Z
13,NA,NA,Bird,2021-09-22T07:44:26Z
13,NA,NA,Blank,2021-09-25T21:48:35Z
13,NA,NA,Blank,2021-09-26T15:59:55Z
13,Sciurus,vulgaris,Eurasian Red Squirrel,2021-09-28T13:35:34Z
13,Vulpes,vulpes,Red Fox,2021-09-08T03:54:15Z
13,NA,NA,Blank,2021-09-10T01:27:00Z
5,Capreolus,capreolus,European Roe Deer,2021-10-10T09:59:24Z
6,NA,NA,Blank,2021-09-01T13:07:39Z
6,Vulpes,vulpes,Red Fox,2021-09-02T06:28:13Z
6,Capreolus,capreolus,European Roe Deer,2021-09-05T20:23:38Z
6,Sciurus,vulgaris,Eurasian Red Squirrel,2021-09-18T11:12:50Z
6,Sus,scrofa,Wild Boar,2021-09-20T01:17:11Z
7,NA,NA,Blank,2021-09-13T22:09:18Z
7,NA,NA,Blank,2021-09-14T09:43:59Z
13,Felis,silvestris,Wild Cat,2021-09-01T01:04:35Z
6,NA,NA,Blank,2021-10-18T06:41:24Z
13,NA,NA,Blank,2021-10-16T07:10:28Z
13,NA,NA,Bird,2021-10-25T11:44:08Z
6,NA,NA,Blank,2021-10-12T10:08:26Z
13,NA,NA,Blank,2021-10-07T16:50:43Z
13,NA,NA,Blank,2021-10-12T07:55:53Z
6,Capreolus,capreolus,European Roe Deer,2021-09-30T21:24:49Z
13,Sciurus,vulgaris,Eurasian Red Squirrel,2021-10-13T14:42:33Z
12,NA,NA,Blank,2021-09-02T07:51:28Z
12,NA,NA,Blank,2021-09-11T20:30:57Z
12,NA,NA,Blank,2021-10-15T18:18:34Z
12,NA,NA,Blank,2021-10-26T08:53:20Z
12,NA,NA,Blank,2021-10-26T18:54:33Z
8,NA,NA,Blank,2021-09-19T20:05:15Z
13,NA,NA,Blank,2021-09-12T09:35:54Z
13,NA,NA,Blank,2021-09-17T21:56:37Z
12,NA,NA,Blank,2021-09-09T11:38:39Z
6,NA,NA,Blank,2021-09-26T08:47:38Z
6,NA,NA,Blank,2021-09-30T03:36:04Z
6,NA,NA,Blank,2021-10-05T14:01:00Z
13,NA,NA,Blank,2021-10-04T14:51:54Z
12,NA,NA,Blank,2021-09-27T08:49:11Z
13,Sciurus,vulgaris,Eurasian Red Squirrel,2021-10-07T12:23:39Z
7,Homo,sapiens,Human,2021-09-27T18:12:15Z
6,Sciurus,vulgaris,Eurasian Red Squirrel,2021-09-29T13:01:04Z
13,NA,NA,Blank,2021-10-14T15:38:34Z
13,NA,NA,Blank,2021-10-23T06:23:33Z
11,NA,NA,Blank,2021-09-10T17:47:57Z
11,NA,NA,Bird,2021-10-24T10:48:02Z
13,Vulpes,vulpes,Red Fox,2021-09-19T04:10:50Z
6,Martes,martes,Pine Marten,2021-10-10T06:07:11Z
6,Vulpes,vulpes,Red Fox,2021-09-28T07:58:41Z
7,NA,NA,Blank,2021-09-23T23:17:35Z
12,Sciurus,vulgaris,Eurasian Red Squirrel,2021-09-20T11:23:06Z
9,Sus,scrofa,Wild Boar,2021-10-27T21:45:21Z
13,Procyon,lotor,Northern Raccoon,2021-09-17T02:22:58Z
12,NA,NA,Blank,2021-09-13T20:41:42Z
4,Homo,sapiens,Human,2021-10-29T11:00:28Z
12,Sciurus,vulgaris,Eurasian Red Squirrel,2021-10-20T08:20:20Z
4,NA,NA,Bird,2021-09-01T12:49:23Z
4,NA,NA,Bird,2021-09-09T09:00:18Z
4,NA,NA,Blank,2021-09-13T10:23:25Z
4,NA,NA,Blank,2021-09-19T21:09:51Z
4,Capreolus,capreolus,European Roe Deer,2021-09-20T07:42:21Z
4,NA,NA,Blank,2021-09-21T15:43:23Z
4,NA,NA,Blank,2021-09-21T11:39:15Z
4,NA,NA,Bird,2021-10-04T13:17:59Z
11,NA,NA,Bird,2021-09-22T11:26:22Z
11,NA,NA,Bird,2021-10-23T10:50:33Z
4,NA,NA,Blank,2021-10-11T15:35:29Z
4,NA,NA,Bird,2021-10-11T15:33:18Z
9,NA,NA,Blank,2021-10-14T13:39:29Z
9,NA,NA,Blank,2021-10-05T10:04:45Z
9,NA,NA,Bird,2021-10-05T18:45:57Z
9,NA,NA,Bird,2021-10-06T16:54:13Z
9,Capreolus,capreolus,European Roe Deer,2021-10-16T18:52:29Z
9,NA,NA,Bird,2021-10-17T11:18:56Z
9,Meles,meles,Eurasian Badger,2021-10-17T19:57:40Z
4,NA,NA,Blank,2021-10-26T09:19:42Z
9,NA,NA,Blank,2021-09-15T10:38:23Z
4,NA,NA,Blank,2021-09-16T09:37:35Z
3,Capreolus,capreolus,European Roe Deer,2021-10-18T02:53:04Z
9,Procyon,lotor,Northern Raccoon,2021-09-17T05:24:21Z
4,NA,NA,Blank,2021-10-10T23:24:13Z
4,Procyon,lotor,Northern Raccoon,2021-10-13T19:28:40Z
10,Vulpes,vulpes,Red Fox,2021-10-28T13:41:13Z
10,NA,NA,Bird,2021-09-02T10:36:28Z
10,NA,NA,Bird,2021-09-04T15:06:13Z
10,NA,NA,Bird,2021-09-05T14:43:15Z
10,NA,NA,Bird,2021-09-17T06:42:16Z
10,NA,NA,Bird,2021-10-03T07:11:52Z
10,Sus,scrofa,Wild Boar,2021-10-08T08:33:03Z
10,Sciurus,vulgaris,Eurasian Red Squirrel,2021-10-02T13:46:58Z
10,Sus,scrofa,Wild Boar,2021-10-17T05:50:04Z
10,NA,NA,Blank,2021-10-26T12:57:04Z
10,NA,NA,Bird,2021-10-01T07:00:21Z
10,NA,NA,Blank,2021-09-08T14:04:34Z
10,NA,NA,Blank,2021-09-18T18:45:20Z
10,Sus,scrofa,Wild Boar,2021-10-08T08:35:00Z
10,NA,NA,Blank,2021-09-23T16:56:01Z
10,NA,NA,Bird,2021-10-04T16:11:27Z
10,NA,NA,Blank,2021-10-09T01:55:59Z
10,NA,NA,Blank,2021-09-24T07:15:15Z
10,NA,NA,Blank,2021-10-10T16:26:21Z
9,Meles,meles,Eurasian Badger,2021-09-27T04:56:15Z
10,NA,NA,Blank,2021-10-02T01:41:20Z
13,Procyon,lotor,Northern Raccoon,2021-09-07T21:17:42Z
12,No CV Result,No CV Result,No CV Result,2021-09-30T19:52:49Z
1,Sus,scrofa,Wild Boar,2021-10-11T06:00:24Z
11,Procyon,lotor,Northern Raccoon,2021-09-19T04:15:34Z
12,No CV Result,No CV Result,No CV Result,2021-10-15T00:38:57Z
9,NA,NA,Blank,2021-08-29T06:57:37Z
13,Martes,martes,Pine Marten,2021-10-19T00:30:54Z
9,Meles,meles,Eurasian Badger,2021-09-22T06:10:28Z
9,Meles,meles,Eurasian Badger,2021-09-24T05:25:39Z
9,Vulpes,vulpes,Red Fox,2021-10-04T06:14:46Z
4,Procyon,lotor,Northern Raccoon,2021-10-01T06:01:54Z
4,NA,NA,Blank,2021-10-07T06:02:35Z
